{
	"info": {
		"_postman_id": "188e45a1-98cf-42a4-b4ac-6dc44dcf70dd",
		"name": "medicines",
		"schema": "https://schema.getpostman.com/json/collection/v2.1.0/collection.json",
		"_exporter_id": "38675205"
	},
	"item": [
		{
			"name": "uts",
			"item": [
				{
					"name": "http://localhost/uts_medicine/medicines_api.php",
					"request": {
						"method": "GET",
						"header": [],
						"url": {
							"raw": "http://localhost/uts_medicine/medicines_api.php",
							"protocol": "http",
							"host": [
								"localhost"
							],
							"path": [
								"uts_medicine",
								"medicines_api.php"
							]
						}
					},
					"response": [
						{
							"name": "http://localhost/uts_medicine/medicines_api.php",
							"originalRequest": {
								"method": "GET",
								"header": [],
								"url": {
									"raw": "http://localhost/uts_medicine/medicines_api.php",
									"protocol": "http",
									"host": [
										"localhost"
									],
									"path": [
										"uts_medicine",
										"medicines_api.php"
									]
								}
							},
							"status": "OK",
							"code": 200,
							"_postman_previewlanguage": "json",
							"header": [
								{
									"key": "Date",
									"value": "Sun, 03 Nov 2024 17:33:09 GMT"
								},
								{
									"key": "Server",
									"value": "Apache/2.4.58 (Win64) OpenSSL/3.1.3 PHP/8.0.30"
								},
								{
									"key": "X-Powered-By",
									"value": "PHP/8.0.30"
								},
								{
									"key": "Access-Control-Allow-Origin",
									"value": "*"
								},
								{
									"key": "Access-Control-Allow-Methods",
									"value": "GET, POST, PUT, DELETE"
								},
								{
									"key": "Access-Control-Allow-Headers",
									"value": "Content-Type, Access-Control-Allow-Headers, typeization, X-Requested-With"
								},
								{
									"key": "Content-Length",
									"value": "428"
								},
								{
									"key": "Keep-Alive",
									"value": "timeout=5, max=100"
								},
								{
									"key": "Connection",
									"value": "Keep-Alive"
								},
								{
									"key": "Content-Type",
									"value": "application/json; charset=UTF-8"
								}
							],
							"cookie": [],
							"body": "{\n    \"medicines\": [\n        {\n            \"id\": 1,\n            \"name\": \"Splasminal\",\n            \"type\": \"Tablet\",\n            \"price\": \"Rp 12000\",\n            \"stock\": 10\n        },\n        {\n            \"id\": 2,\n            \"name\": \"Insto\",\n            \"type\": \"Obat Tetes\",\n            \"price\": \"Rp 17000\",\n            \"stock\": 6\n        },\n        {\n            \"id\": 3,\n            \"name\": \"Polysilane\",\n            \"type\": \"Syrup\",\n            \"price\": \"Rp 20500\",\n            \"stock\": 9\n        },\n        {\n            \"id\": 5,\n            \"name\": \"Betadine\",\n            \"type\": \"Antiseptik\",\n            \"price\": \"Rp 18000\",\n            \"stock\": 10\n        },\n        {\n            \"id\": 6,\n            \"name\": \"OBH Combi Plus Mentol\",\n            \"type\": \"Syrup\",\n            \"price\": \"Rp 17500\",\n            \"stock\": 12\n        }\n    ],\n    \"total\": 5,\n    \"page\": 1,\n    \"limit\": 10\n}"
						}
					]
				},
				{
					"name": "http://localhost/uts_medicine/medicines_api.php/3",
					"request": {
						"method": "GET",
						"header": [],
						"url": {
							"raw": "http://localhost/uts_medicine/medicines_api.php/3",
							"protocol": "http",
							"host": [
								"localhost"
							],
							"path": [
								"uts_medicine",
								"medicines_api.php",
								"3"
							]
						}
					},
					"response": [
						{
							"name": "http://localhost/uts_medicine/medicines_api.php/3",
							"originalRequest": {
								"method": "GET",
								"header": [],
								"url": {
									"raw": "http://localhost/uts_medicine/medicines_api.php/3",
									"protocol": "http",
									"host": [
										"localhost"
									],
									"path": [
										"uts_medicine",
										"medicines_api.php",
										"3"
									]
								}
							},
							"status": "OK",
							"code": 200,
							"_postman_previewlanguage": "json",
							"header": [
								{
									"key": "Date",
									"value": "Thu, 31 Oct 2024 14:54:40 GMT"
								},
								{
									"key": "Server",
									"value": "Apache/2.4.58 (Win64) OpenSSL/3.1.3 PHP/8.0.30"
								},
								{
									"key": "X-Powered-By",
									"value": "PHP/8.0.30"
								},
								{
									"key": "Access-Control-Allow-Origin",
									"value": "*"
								},
								{
									"key": "Access-Control-Allow-Methods",
									"value": "GET, POST, PUT, DELETE"
								},
								{
									"key": "Access-Control-Allow-Headers",
									"value": "Content-Type, Access-Control-Allow-Headers, Authorization, X-Requested-With"
								},
								{
									"key": "Content-Length",
									"value": "72"
								},
								{
									"key": "Keep-Alive",
									"value": "timeout=5, max=100"
								},
								{
									"key": "Connection",
									"value": "Keep-Alive"
								},
								{
									"key": "Content-Type",
									"value": "application/json; charset=UTF-8"
								}
							],
							"cookie": [],
							"body": "{\n    \"id\": 3,\n    \"name\": \"Polysilane\",\n    \"type\": \"Syrup\",\n    \"price\": \"Rp 20500\",\n    \"stock\": 9\n}"
						}
					]
				},
				{
					"name": "http://localhost/uts_medicine/medicines_api.php",
					"request": {
						"method": "POST",
						"header": [
							{
								"key": "Content-Type",
								"value": "application/json",
								"type": "text"
							}
						],
						"body": {
							"mode": "raw",
							"raw": "{\r\n    \"name\": \"OBH Combi\",\r\n    \"type\": \"Syrup\",\r\n    \"price\": \"Rp 16500\",\r\n    \"stock\": 8\r\n}",
							"options": {
								"raw": {
									"language": "json"
								}
							}
						},
						"url": {
							"raw": "http://localhost/uts_medicine/medicines_api.php",
							"protocol": "http",
							"host": [
								"localhost"
							],
							"path": [
								"uts_medicine",
								"medicines_api.php"
							]
						}
					},
					"response": [
						{
							"name": "http://localhost/uts_medicine/medicines_api.php",
							"originalRequest": {
								"method": "POST",
								"header": [
									{
										"key": "Content-Type",
										"value": "application/json",
										"type": "text"
									}
								],
								"body": {
									"mode": "raw",
									"raw": "{\r\n    \"name\": \"OBH Combi\",\r\n    \"type\": \"Syrup\",\r\n    \"price\": \"Rp 16500\",\r\n    \"stock\": 8\r\n}",
									"options": {
										"raw": {
											"language": "json"
										}
									}
								},
								"url": {
									"raw": "http://localhost/uts_medicine/medicines_api.php",
									"protocol": "http",
									"host": [
										"localhost"
									],
									"path": [
										"uts_medicine",
										"medicines_api.php"
									]
								}
							},
							"status": "Created",
							"code": 201,
							"_postman_previewlanguage": "json",
							"header": [
								{
									"key": "Date",
									"value": "Thu, 31 Oct 2024 14:54:48 GMT"
								},
								{
									"key": "Server",
									"value": "Apache/2.4.58 (Win64) OpenSSL/3.1.3 PHP/8.0.30"
								},
								{
									"key": "X-Powered-By",
									"value": "PHP/8.0.30"
								},
								{
									"key": "Access-Control-Allow-Origin",
									"value": "*"
								},
								{
									"key": "Access-Control-Allow-Methods",
									"value": "GET, POST, PUT, DELETE"
								},
								{
									"key": "Access-Control-Allow-Headers",
									"value": "Content-Type, Access-Control-Allow-Headers, Authorization, X-Requested-With"
								},
								{
									"key": "Content-Length",
									"value": "39"
								},
								{
									"key": "Keep-Alive",
									"value": "timeout=5, max=100"
								},
								{
									"key": "Connection",
									"value": "Keep-Alive"
								},
								{
									"key": "Content-Type",
									"value": "application/json; charset=UTF-8"
								}
							],
							"cookie": [],
							"body": "{\n    \"message\": \"Medicine created\",\n    \"id\": \"7\"\n}"
						}
					]
				},
				{
					"name": "http://localhost/uts_medicine/medicines_api.php/6",
					"request": {
						"method": "PUT",
						"header": [
							{
								"key": "Content-Type",
								"value": "application/json",
								"type": "text"
							}
						],
						"body": {
							"mode": "raw",
							"raw": "{\r\n    \"name\": \"OBH Combi Plus Mentol\",\r\n    \"type\": \"Syrup\",\r\n    \"price\": \"Rp 17500\",\r\n    \"stock\": 12\r\n}",
							"options": {
								"raw": {
									"language": "json"
								}
							}
						},
						"url": {
							"raw": "http://localhost/uts_medicine/medicines_api.php/6",
							"protocol": "http",
							"host": [
								"localhost"
							],
							"path": [
								"uts_medicine",
								"medicines_api.php",
								"6"
							]
						}
					},
					"response": [
						{
							"name": "http://localhost/uts_medicine/medicines_api.php/6",
							"originalRequest": {
								"method": "PUT",
								"header": [
									{
										"key": "Content-Type",
										"value": "application/json",
										"type": "text"
									}
								],
								"body": {
									"mode": "raw",
									"raw": "{\r\n    \"name\": \"OBH Combi Plus Mentol\",\r\n    \"type\": \"Syrup\",\r\n    \"price\": \"Rp 17500\",\r\n    \"stock\": 12\r\n}",
									"options": {
										"raw": {
											"language": "json"
										}
									}
								},
								"url": {
									"raw": "http://localhost/uts_medicine/medicines_api.php/6",
									"protocol": "http",
									"host": [
										"localhost"
									],
									"path": [
										"uts_medicine",
										"medicines_api.php",
										"6"
									]
								}
							},
							"status": "OK",
							"code": 200,
							"_postman_previewlanguage": "json",
							"header": [
								{
									"key": "Date",
									"value": "Thu, 31 Oct 2024 14:54:57 GMT"
								},
								{
									"key": "Server",
									"value": "Apache/2.4.58 (Win64) OpenSSL/3.1.3 PHP/8.0.30"
								},
								{
									"key": "X-Powered-By",
									"value": "PHP/8.0.30"
								},
								{
									"key": "Access-Control-Allow-Origin",
									"value": "*"
								},
								{
									"key": "Access-Control-Allow-Methods",
									"value": "GET, POST, PUT, DELETE"
								},
								{
									"key": "Access-Control-Allow-Headers",
									"value": "Content-Type, Access-Control-Allow-Headers, Authorization, X-Requested-With"
								},
								{
									"key": "Content-Length",
									"value": "30"
								},
								{
									"key": "Keep-Alive",
									"value": "timeout=5, max=100"
								},
								{
									"key": "Connection",
									"value": "Keep-Alive"
								},
								{
									"key": "Content-Type",
									"value": "application/json; charset=UTF-8"
								}
							],
							"cookie": [],
							"body": "{\n    \"message\": \"Medicine updated\"\n}"
						}
					]
				},
				{
					"name": "http://localhost/uts_medicine/medicines_api.php/4",
					"request": {
						"method": "DELETE",
						"header": [],
						"url": {
							"raw": "http://localhost/uts_medicine/medicines_api.php/4",
							"protocol": "http",
							"host": [
								"localhost"
							],
							"path": [
								"uts_medicine",
								"medicines_api.php",
								"4"
							]
						}
					},
					"response": [
						{
							"name": "http://localhost/uts_medicine/medicines_api.php/4",
							"originalRequest": {
								"method": "DELETE",
								"header": [],
								"url": {
									"raw": "http://localhost/uts_medicine/medicines_api.php/4",
									"protocol": "http",
									"host": [
										"localhost"
									],
									"path": [
										"uts_medicine",
										"medicines_api.php",
										"4"
									]
								}
							},
							"status": "OK",
							"code": 200,
							"_postman_previewlanguage": "json",
							"header": [
								{
									"key": "Date",
									"value": "Thu, 31 Oct 2024 14:56:41 GMT"
								},
								{
									"key": "Server",
									"value": "Apache/2.4.58 (Win64) OpenSSL/3.1.3 PHP/8.0.30"
								},
								{
									"key": "X-Powered-By",
									"value": "PHP/8.0.30"
								},
								{
									"key": "Access-Control-Allow-Origin",
									"value": "*"
								},
								{
									"key": "Access-Control-Allow-Methods",
									"value": "GET, POST, PUT, DELETE"
								},
								{
									"key": "Access-Control-Allow-Headers",
									"value": "Content-Type, Access-Control-Allow-Headers, Authorization, X-Requested-With"
								},
								{
									"key": "Content-Length",
									"value": "30"
								},
								{
									"key": "Keep-Alive",
									"value": "timeout=5, max=100"
								},
								{
									"key": "Connection",
									"value": "Keep-Alive"
								},
								{
									"key": "Content-Type",
									"value": "application/json; charset=UTF-8"
								}
							],
							"cookie": [],
							"body": "{\n    \"message\": \"Medicine deleted\"\n}"
						}
					]
				},
				{
					"name": "http://localhost/uts_medicine/medicines_api.php/7",
					"request": {
						"method": "DELETE",
						"header": [],
						"url": {
							"raw": "http://localhost/uts_medicine/medicines_api.php/7",
							"protocol": "http",
							"host": [
								"localhost"
							],
							"path": [
								"uts_medicine",
								"medicines_api.php",
								"7"
							]
						}
					},
					"response": [
						{
							"name": "http://localhost/uts_medicine/medicines_api.php/7",
							"originalRequest": {
								"method": "DELETE",
								"header": [],
								"url": {
									"raw": "http://localhost/uts_medicine/medicines_api.php/7",
									"protocol": "http",
									"host": [
										"localhost"
									],
									"path": [
										"uts_medicine",
										"medicines_api.php",
										"7"
									]
								}
							},
							"status": "OK",
							"code": 200,
							"_postman_previewlanguage": "json",
							"header": [
								{
									"key": "Date",
									"value": "Thu, 31 Oct 2024 14:56:17 GMT"
								},
								{
									"key": "Server",
									"value": "Apache/2.4.58 (Win64) OpenSSL/3.1.3 PHP/8.0.30"
								},
								{
									"key": "X-Powered-By",
									"value": "PHP/8.0.30"
								},
								{
									"key": "Access-Control-Allow-Origin",
									"value": "*"
								},
								{
									"key": "Access-Control-Allow-Methods",
									"value": "GET, POST, PUT, DELETE"
								},
								{
									"key": "Access-Control-Allow-Headers",
									"value": "Content-Type, Access-Control-Allow-Headers, Authorization, X-Requested-With"
								},
								{
									"key": "Content-Length",
									"value": "30"
								},
								{
									"key": "Keep-Alive",
									"value": "timeout=5, max=100"
								},
								{
									"key": "Connection",
									"value": "Keep-Alive"
								},
								{
									"key": "Content-Type",
									"value": "application/json; charset=UTF-8"
								}
							],
							"cookie": [],
							"body": "{\n    \"message\": \"Medicine deleted\"\n}"
						}
					]
				},
				{
					"name": "http://localhost/uts_medicine/medicines_api.php/search?&term=syrup",
					"request": {
						"method": "GET",
						"header": [],
						"url": {
							"raw": "http://localhost/uts_medicine/medicines_api.php/search?&term=syrup",
							"protocol": "http",
							"host": [
								"localhost"
							],
							"path": [
								"uts_medicine",
								"medicines_api.php",
								"search"
							],
							"query": [
								{
									"key": "",
									"value": null
								},
								{
									"key": "term",
									"value": "syrup"
								}
							]
						}
					},
					"response": [
						{
							"name": "http://localhost/uts_medicine/medicines_api.php/search?&term=syrup",
							"originalRequest": {
								"method": "GET",
								"header": [],
								"url": {
									"raw": "http://localhost/uts_medicine/medicines_api.php/search?&term=syrup",
									"protocol": "http",
									"host": [
										"localhost"
									],
									"path": [
										"uts_medicine",
										"medicines_api.php",
										"search"
									],
									"query": [
										{
											"key": null,
											"value": null
										},
										{
											"key": "term",
											"value": "syrup"
										}
									]
								}
							},
							"status": "OK",
							"code": 200,
							"_postman_previewlanguage": "json",
							"header": [
								{
									"key": "Date",
									"value": "Mon, 04 Nov 2024 03:35:26 GMT"
								},
								{
									"key": "Server",
									"value": "Apache/2.4.58 (Win64) OpenSSL/3.1.3 PHP/8.0.30"
								},
								{
									"key": "X-Powered-By",
									"value": "PHP/8.0.30"
								},
								{
									"key": "Access-Control-Allow-Origin",
									"value": "*"
								},
								{
									"key": "Access-Control-Allow-Methods",
									"value": "GET, POST, PUT, DELETE"
								},
								{
									"key": "Access-Control-Allow-Headers",
									"value": "Content-Type, Access-Control-Allow-Headers, typeization, X-Requested-With"
								},
								{
									"key": "Content-Length",
									"value": "159"
								},
								{
									"key": "Keep-Alive",
									"value": "timeout=5, max=100"
								},
								{
									"key": "Connection",
									"value": "Keep-Alive"
								},
								{
									"key": "Content-Type",
									"value": "application/json; charset=UTF-8"
								}
							],
							"cookie": [],
							"body": "[\n    {\n        \"id\": 3,\n        \"name\": \"Polysilane\",\n        \"type\": \"Syrup\",\n        \"price\": \"Rp 20500\",\n        \"stock\": 9\n    },\n    {\n        \"id\": 6,\n        \"name\": \"OBH Combi Plus Mentol\",\n        \"type\": \"Syrup\",\n        \"price\": \"Rp 17500\",\n        \"stock\": 12\n    }\n]"
						}
					]
				},
				{
					"name": "http://localhost/uts_medicine/medicines_api.php/9",
					"request": {
						"method": "GET",
						"header": [],
						"url": {
							"raw": "http://localhost/uts_medicine/medicines_api.php/10",
							"protocol": "http",
							"host": [
								"localhost"
							],
							"path": [
								"uts_medicine",
								"medicines_api.php",
								"10"
							]
						}
					},
					"response": [
						{
							"name": "http://localhost/uts_medicine/medicines_api.php/9",
							"originalRequest": {
								"method": "GET",
								"header": [],
								"url": {
									"raw": "http://localhost/uts_medicine/medicines_api.php/15",
									"protocol": "http",
									"host": [
										"localhost"
									],
									"path": [
										"uts_medicine",
										"medicines_api.php",
										"15"
									]
								}
							},
							"status": "Not Found",
							"code": 404,
							"_postman_previewlanguage": "json",
							"header": [
								{
									"key": "Date",
									"value": "Mon, 04 Nov 2024 03:11:04 GMT"
								},
								{
									"key": "Server",
									"value": "Apache/2.4.58 (Win64) OpenSSL/3.1.3 PHP/8.0.30"
								},
								{
									"key": "X-Powered-By",
									"value": "PHP/8.0.30"
								},
								{
									"key": "Access-Control-Allow-Origin",
									"value": "*"
								},
								{
									"key": "Access-Control-Allow-Methods",
									"value": "GET, POST, PUT, DELETE"
								},
								{
									"key": "Access-Control-Allow-Headers",
									"value": "Content-Type, Access-Control-Allow-Headers, typeization, X-Requested-With"
								},
								{
									"key": "Content-Length",
									"value": "33"
								},
								{
									"key": "Keep-Alive",
									"value": "timeout=5, max=100"
								},
								{
									"key": "Connection",
									"value": "Keep-Alive"
								},
								{
									"key": "Content-Type",
									"value": "application/json; charset=UTF-8"
								}
							],
							"cookie": [],
							"body": "{\n    \"message\": \"medicines not found\"\n}"
						}
					]
				},
				{
					"name": "http://localhost/uts_medicine/medicines_api.php",
					"request": {
						"method": "POST",
						"header": [
							{
								"key": "Content-Type",
								"value": "application/json",
								"type": "text"
							}
						],
						"body": {
							"mode": "raw",
							"raw": "{\r\n    \"name\": \"Panadol\",\r\n    \"type\": \"Tablet\",\r\n    \"price\": \"Rp 10000\",\r\n    \"stock\": 15\r\n}",
							"options": {
								"raw": {
									"language": "json"
								}
							}
						},
						"url": {
							"raw": "http://localhost/uts_medicine/medicines_api.php",
							"protocol": "http",
							"host": [
								"localhost"
							],
							"path": [
								"uts_medicine",
								"medicines_api.php"
							]
						}
					},
					"response": [
						{
							"name": "http://localhost/uts_medicine/medicines_api.php",
							"originalRequest": {
								"method": "POST",
								"header": [
									{
										"key": "Content-Type",
										"value": "application/json",
										"type": "text"
									}
								],
								"body": {
									"mode": "raw",
									"raw": "{\r\n    \"name\": \"Panadol\",\r\n    \"type\": \"Tablet\",\r\n    \"price\": \"Rp 10000\",\r\n    \"stock\": 15\r\n}",
									"options": {
										"raw": {
											"language": "json"
										}
									}
								},
								"url": {
									"raw": "http://localhost/uts_medicine/medicines_api.php",
									"protocol": "http",
									"host": [
										"localhost"
									],
									"path": [
										"uts_medicine",
										"medicines_api.php"
									]
								}
							},
							"status": "Created",
							"code": 201,
							"_postman_previewlanguage": "json",
							"header": [
								{
									"key": "Date",
									"value": "Sun, 03 Nov 2024 17:42:00 GMT"
								},
								{
									"key": "Server",
									"value": "Apache/2.4.58 (Win64) OpenSSL/3.1.3 PHP/8.0.30"
								},
								{
									"key": "X-Powered-By",
									"value": "PHP/8.0.30"
								},
								{
									"key": "Access-Control-Allow-Origin",
									"value": "*"
								},
								{
									"key": "Access-Control-Allow-Methods",
									"value": "GET, POST, PUT, DELETE"
								},
								{
									"key": "Access-Control-Allow-Headers",
									"value": "Content-Type, Access-Control-Allow-Headers, typeization, X-Requested-With"
								},
								{
									"key": "Content-Length",
									"value": "39"
								},
								{
									"key": "Keep-Alive",
									"value": "timeout=5, max=100"
								},
								{
									"key": "Connection",
									"value": "Keep-Alive"
								},
								{
									"key": "Content-Type",
									"value": "application/json; charset=UTF-8"
								}
							],
							"cookie": [],
							"body": "{\n    \"message\": \"Medicine created\",\n    \"id\": \"9\"\n}"
						}
					]
				},
				{
					"name": "http://localhost/uts_medicine/medicines_api.php/9",
					"request": {
						"method": "PUT",
						"header": [
							{
								"key": "Content-Type",
								"value": "application/json",
								"type": "text"
							}
						],
						"body": {
							"mode": "raw",
							"raw": "{        \r\n    \"name\": \"Panadol Biru\",\r\n    \"type\": \"Tablet\",\r\n    \"price\": \"Rp 10000\",\r\n    \"stock\": 15\r\n}",
							"options": {
								"raw": {
									"language": "json"
								}
							}
						},
						"url": {
							"raw": "http://localhost/uts_medicine/medicines_api.php/9",
							"protocol": "http",
							"host": [
								"localhost"
							],
							"path": [
								"uts_medicine",
								"medicines_api.php",
								"9"
							]
						}
					},
					"response": [
						{
							"name": "http://localhost/uts_medicine/medicines_api.php/9",
							"originalRequest": {
								"method": "PUT",
								"header": [
									{
										"key": "Content-Type",
										"value": "application/json",
										"type": "text"
									}
								],
								"body": {
									"mode": "raw",
									"raw": "{        \r\n    \"name\": \"Panadol Biru\",\r\n    \"type\": \"Tablet\",\r\n    \"price\": \"Rp 10000\",\r\n    \"stock\": 15\r\n}",
									"options": {
										"raw": {
											"language": "json"
										}
									}
								},
								"url": {
									"raw": "http://localhost/uts_medicine/medicines_api.php/9",
									"protocol": "http",
									"host": [
										"localhost"
									],
									"path": [
										"uts_medicine",
										"medicines_api.php",
										"9"
									]
								}
							},
							"status": "OK",
							"code": 200,
							"_postman_previewlanguage": "json",
							"header": [
								{
									"key": "Date",
									"value": "Sun, 03 Nov 2024 17:52:35 GMT"
								},
								{
									"key": "Server",
									"value": "Apache/2.4.58 (Win64) OpenSSL/3.1.3 PHP/8.0.30"
								},
								{
									"key": "X-Powered-By",
									"value": "PHP/8.0.30"
								},
								{
									"key": "Access-Control-Allow-Origin",
									"value": "*"
								},
								{
									"key": "Access-Control-Allow-Methods",
									"value": "GET, POST, PUT, DELETE"
								},
								{
									"key": "Access-Control-Allow-Headers",
									"value": "Content-Type, Access-Control-Allow-Headers, typeization, X-Requested-With"
								},
								{
									"key": "Content-Length",
									"value": "30"
								},
								{
									"key": "Keep-Alive",
									"value": "timeout=5, max=100"
								},
								{
									"key": "Connection",
									"value": "Keep-Alive"
								},
								{
									"key": "Content-Type",
									"value": "application/json; charset=UTF-8"
								}
							],
							"cookie": [],
							"body": "{\n    \"message\": \"Medicine updated\"\n}"
						}
					]
				},
				{
					"name": "http://localhost/uts_medicine/medicines_api.php/2",
					"request": {
						"method": "PUT",
						"header": [
							{
								"key": "Content-Type",
								"value": "application/json",
								"type": "text"
							}
						],
						"body": {
							"mode": "raw",
							"raw": "{        \r\n    \"name\": \"Insto\",\r\n    \"type\": \"Obat Tetes\",\r\n    \"price\": \"Rp 17000\",\r\n    \"stock\": \"lima\"\r\n}",
							"options": {
								"raw": {
									"language": "json"
								}
							}
						},
						"url": {
							"raw": "http://localhost/uts_medicine/medicines_api.php/2",
							"protocol": "http",
							"host": [
								"localhost"
							],
							"path": [
								"uts_medicine",
								"medicines_api.php",
								"2"
							]
						}
					},
					"response": [
						{
							"name": "http://localhost/uts_medicine/medicines_api.php/2",
							"originalRequest": {
								"method": "PUT",
								"header": [
									{
										"key": "Content-Type",
										"value": "application/json",
										"type": "text"
									}
								],
								"body": {
									"mode": "raw",
									"raw": "{        \r\n    \"name\": \"Insto\",\r\n    \"type\": \"Obat Tetes\",\r\n    \"price\": \"Rp 17000\",\r\n    \"stock\": \"lima\"\r\n}",
									"options": {
										"raw": {
											"language": "json"
										}
									}
								},
								"url": {
									"raw": "http://localhost/uts_medicine/medicines_api.php/2",
									"protocol": "http",
									"host": [
										"localhost"
									],
									"path": [
										"uts_medicine",
										"medicines_api.php",
										"2"
									]
								}
							},
							"status": "Not Found",
							"code": 404,
							"_postman_previewlanguage": "json",
							"header": [
								{
									"key": "Date",
									"value": "Mon, 04 Nov 2024 02:56:59 GMT"
								},
								{
									"key": "Server",
									"value": "Apache/2.4.58 (Win64) OpenSSL/3.1.3 PHP/8.0.30"
								},
								{
									"key": "X-Powered-By",
									"value": "PHP/8.0.30"
								},
								{
									"key": "Access-Control-Allow-Origin",
									"value": "*"
								},
								{
									"key": "Access-Control-Allow-Methods",
									"value": "GET, POST, PUT, DELETE"
								},
								{
									"key": "Access-Control-Allow-Headers",
									"value": "Content-Type, Access-Control-Allow-Headers, typeization, X-Requested-With"
								},
								{
									"key": "Content-Length",
									"value": "37"
								},
								{
									"key": "Keep-Alive",
									"value": "timeout=5, max=100"
								},
								{
									"key": "Connection",
									"value": "Keep-Alive"
								},
								{
									"key": "Content-Type",
									"value": "application/json; charset=UTF-8"
								}
							],
							"cookie": [],
							"body": "{\n    \"errors\": [\n        \"Stock must be a number\"\n    ]\n}"
						}
					]
				}
			]
		}
	]
}